username,firstname,lastname,email,password
gaillard.n,Nathan,GAILLARD,gaillard.n@bia-facile.fr,#BIA2025.gaillard.n
georges.m,Mélanie,GEORGES,georges.m@bia-facile.fr,#BIA2025.georges.m
giroud.m,Maxence,GIROUD,giroud.m@bia-facile.fr,#BIA2025.giroud.m
gonthier.r,Rodolphe,GONTHIER,gonthier.r@bia-facile.fr,#BIA2025.gonthier.r
klur.b,Bastien,KLUR,klur.b@bia-facile.fr,#BIA2025.klur.b
noll.j,Jules,NOLL,noll.j@bia-facile.fr,#BIA2025.noll.j
schmitt.p,Paul,SCHMITT,schmitt.p@bia-facile.fr ,#BIA2025.schmitt.p
tremblier.r,Raphaël,TREMBLIER,tremblier.r@bia-facile.fr ,#BIA2025.tremblier.r
