username,firstname,lastname,email
gaillard.n,Nathan,GAILLARD,gaillard.n@bia-facile.fr
georges.m,Mélanie,GEORGES,georges.m@bia-facile.fr
giroud.m,Maxence,GIROUD,giroud.m@bia-facile.fr
gonthier.r,Rodolphe,GONTHIER,gonthier.r@bia-facile.fr
klur.b,Bastien,KLUR,klur.b@bia-facile.fr
noll.j,Jules,NOLL,noll.j@bia-facile.fr
schmitt.p,Paul,SCHMITT,schmitt.p@bia-facile.fr 
tremblier.r,Raphaël,TREMBLIER,tremblier.r@bia-facile.fr 
