username,password,firstname,lastname,email
allemann.m,#BIA2025.allemann.m,Mattéo,ALLEMANN,allemann.m@bia-facile.fr
benz.t,#BIA2025.benz.t,Timéo,BENZ,benz.t@bia-facile.fr
brand.l,#BIA2025.brand.l,Lucas,BRAND,brand.l@bia-facile.fr
courtet.m,#BIA2025.courtet.m,Maxence,COURTET,courtet.m@bia-facile.fr
detraz.z,#BIA2025.detraz.z,Zian,DE TRAZ,detraz.z@bia-facile.fr
deveille.e,#BIA2025.deveille.e,Ema,DEVEILLE,deveille.e@bia-facile.fr
freyburger.m,#BIA2025.freyburger.m,Mathis,FREYBURGER,freyburger.m@bia-facile.fr
genelot.e,#BIA2025.genelot.e,Eliott,GENELOT,genelot.e@bia-facile.fr
grisweg.e,#BIA2025.grisweg.e,Elias,GRISWEG,grisweg.e@bia-facile.fr
groh.y,#BIA2025.groh.y,Yoann,GROH,groh.y@bia-facile.fr
heinis.t,#BIA2025.heinis.t,Thiméo,HEINIS,heinis.t@bia-facile.fr
heinrich.e,#BIA2025.heinrich.e,Elisa,HEINRICH,heinrich.e@bia-facile.fr
iannotti.m,#BIA2025.iannotti.m,Mattheo,IANNOTTI,iannotti.m@bia-facile.fr
klein.j,#BIA2025.klein.j,Jules,KLEIN,klein.j@bia-facile.fr
kreutter.y,#BIA2025.kreutter.y,Yanis,KREUTTER,kreutter.y@bia-facile.fr
lalli.e,#BIA2025.lalli.e,Enzo,LALLI,lalli.e@bia-facile.fr
marzullo.a,#BIA2025.marzullo.a,Aimée,MARZULLO,marzullo.a@bia-facile.fr
mevel.v,#BIA2025.mevel.v,Virgile,MEVEL,mevel.v@bia-facile.fr
meyer.t,#BIA2025.meyer.t,Timéo,MEYER,meyer.t@bia-facile.fr
millet.c,#BIA2025.millet.c,Chloé,MILLET,millet.c@bia-facile.fr
murati.a,#BIA2025.murati.a,Alyssa,MURATI,murati.a@bia-facile.fr
nyarimuller.a,#BIA2025.nyarimuller.a,Adam,NYARI MULLER,nyarimuller.a@bia-facile.fr
perrin.j,#BIA2025.perrin.j,Joseph,PERRIN,perrin.j@bia-facile.fr
pfleger.k,#BIA2025.pfleger.k,Killian,PFLEGER,pfleger.k@bia-facile.fr
pipier.t,#BIA2025.pipier.t,Tom,PIPIER,pipier.t@bia-facile.fr
scattolini.r,#BIA2025.scattolini.r,Roméo,SCATTOLINI,scattolini.r@bia-facile.fr
schwarz.t,#BIA2025.schwarz.t,Tim,SCHWARZ,schwarz.t@bia-facile.fr
sengelin.m,#BIA2025.sengelin.m,Martin,SENGELIN,sengelin.m@bia-facile.fr
tiby.r,#BIA2025.tiby.r,Robin,TIBY,tiby.r@bia-facile.fr
uberschlag.j,#BIA2025.uberschlag.j,Justin,UBERSCHLAG,uberschlag.j@bia-facile.fr
wersinger.e,#BIA2025.wersinger.e,Ethan,WERSINGER,wersinger.e@bia-facile.fr
zink.a,#BIA2025.zink.a,Antonin,ZINK,zink.a@bia-facile.fr
